{"cameraMode":{"drawMode":0,"name":"Shaded","section":"Shading Mode"},"sceneLighting":false,"audioPlay":false,"sceneViewState":{"m_AlwaysRefresh":false,"showFog":true,"showSkybox":false,"showFlares":true,"showImageEffects":true,"showParticleSystems":true,"showVisualEffectGraphs":true,"m_FxEnabled":true},"in2DMode":false,"pivot":{"x":-4.694210052490234,"y":22.938215255737306,"z":0.4589616656303406},"rotation":{"x":-0.001048444421030581,"y":0.7151205539703369,"z":0.001072749961167574,"w":0.6990012526512146},"size":0.866025447845459,"orthographic":false}