{"cameraMode":{"drawMode":0,"name":"Shaded","section":"Shading Mode"},"sceneLighting":false,"audioPlay":false,"sceneViewState":{"m_AlwaysRefresh":false,"showFog":true,"showSkybox":false,"showFlares":true,"showImageEffects":true,"showParticleSystems":true,"showVisualEffectGraphs":true,"m_FxEnabled":true},"in2DMode":false,"pivot":{"x":-0.7643684148788452,"y":5.240068435668945,"z":3.9105987548828127},"rotation":{"x":0.06531259417533875,"y":-0.03441930562257767,"z":0.0022545834071934225,"w":0.9972718358039856},"size":3.359715700149536,"orthographic":true}