{"cameraMode":{"drawMode":0,"name":"Shaded","section":"Shading Mode"},"sceneLighting":false,"audioPlay":false,"sceneViewState":{"m_AlwaysRefresh":false,"showFog":true,"showSkybox":false,"showFlares":true,"showImageEffects":true,"showParticleSystems":true,"showVisualEffectGraphs":true,"m_FxEnabled":true},"in2DMode":false,"pivot":{"x":-0.36141204833984377,"y":4.3974409103393559,"z":-3.0786147117614748},"rotation":{"x":0.03377837687730789,"y":-0.2981991469860077,"z":0.010560288093984127,"w":0.9538519382476807},"size":0.4234626591205597,"orthographic":true}