{"cameraMode":{"drawMode":0,"name":"Shaded","section":"Shading Mode"},"sceneLighting":false,"audioPlay":false,"sceneViewState":{"m_AlwaysRefresh":false,"showFog":false,"showSkybox":false,"showFlares":false,"showImageEffects":false,"showParticleSystems":false,"showVisualEffectGraphs":false,"m_FxEnabled":true},"in2DMode":false,"pivot":{"x":-0.1446307897567749,"y":0.23601332306861878,"z":0.27439022064208987},"rotation":{"x":-0.03985635191202164,"y":0.9376791715621948,"z":-0.11478671431541443,"w":-0.32558438181877139},"size":0.9482839703559876,"orthographic":false}