{"cameraMode":{"drawMode":0,"name":"Shaded","section":"Shading Mode"},"sceneLighting":true,"audioPlay":false,"sceneViewState":{"m_AlwaysRefresh":false,"showFog":true,"showSkybox":true,"showFlares":true,"showImageEffects":true,"showParticleSystems":true,"showVisualEffectGraphs":true,"m_FxEnabled":true},"in2DMode":false,"pivot":{"x":7.076907157897949,"y":14.124834060668946,"z":-15.889511108398438},"rotation":{"x":-0.023085974156856538,"y":-0.03448401391506195,"z":-0.0007970478618517518,"w":0.9991403818130493},"size":14.920461654663086,"orthographic":true}